title,url
"Canoo, the EV startup that scored a deal with the world's largest ...",https://fortune.com/2022/08/29/canoo-ev-startup-scored-deal-worlds-largest-retailer/
Canoo - Wikipedia,https://en.wikipedia.org/wiki/Canoo
"CANOO TECHNOLOGIES Revenue, Growth & Competitor Profile",https://incfact.com/company/canootechnologies-torrance-ca/
Canoo Sticks to 2023 Production Target | IndustryWeek,https://www.industryweek.com/leadership/companies-executives/article/21263239/canoo-sticks-to-2023-production-target
4 Things You Didn't Know About Canoo | The Motley Fool,https://www.fool.com/investing/2021/02/02/4-things-you-didnt-know-about-canoo/
Canoo: Changes In Business Strategy Change Our View (NASDAQ:GOEV),https://seekingalpha.com/article/4428915-canoo-changes-in-business-change-our-view
Everything investors should know from EV start-up Canoo's ... - CNBC,https://www.cnbc.com/2021/06/17/everything-investors-should-know-from-ev-start-up-canoos-investor-day.html
Canoo Reports Fourth Quarter and Full Year 2020 Results,https://investors.canoo.com/news-presentations/press-releases/detail/52/canoo-reports-fourth-quarter-and-full-year-2020-results
Canoo Increases Production Guidance and Targets for US Facilities,https://investors.canoo.com/news-presentations/press-releases/detail/75/canoo-increases-production-guidance-and-targets-for-us
"Canoo production starts could slip, but CEO remains confident in ...",https://www.reuters.com/business/autos-transportation/canoo-production-starts-could-slip-ceo-remains-confident-funding-2022-05-18/
"Canoo, the EV startup that scored a deal with the world's largest ...",https://fortune.com/2022/08/29/canoo-ev-startup-scored-deal-worlds-largest-retailer/
Canoo Vs Workhorse: Which Automobile Stock Is The Better Buy?,https://seekingalpha.com/article/4482945-canoo-vs-workhorse-automobile-stock-better-buy
What is a Competitive Analysis — and How Do You Conduct One?,https://blog.hubspot.com/marketing/competitive-analysis-kit
What Is Competitor Analysis? Definition + Step-by-Step Guide,https://www.coursera.org/articles/competitor-analysis
Conduct a Competitive Analysis (With Examples) [2023] • Asana,https://asana.com/resources/competitive-analysis-example
How to Perform a Best-in-Class Competitor Analysis (w/ Template) - Buffer,https://buffer.com/library/competitor-analysis/
How to Conduct a Market Analysis? (+ Examples) | Appinio Blog,https://www.appinio.com/en/blog/market-research/market-analysis
What Is a Competitive Analysis & How to Do It (With Template) - Semrush,https://www.semrush.com/blog/competitive-analysis/
Market research and competitive analysis | U.S. Small Business ...,https://www.sba.gov/business-guide/plan-your-business/market-research-competitive-analysis
10 marketing trends to watch for in 2024 | TechTarget,https://www.techtarget.com/searchCustomerExperience/feature/Marketing-trends-to-watch-for
Four trends in consumer behavior in 2023 | McKinsey,https://www.mckinsey.com/industries/consumer-packaged-goods/our-insights/the-world-of-ands-consumers-set-the-tone
The 7 Biggest Consumer Technology Trends In 2022 - Forbes,https://www.forbes.com/sites/bernardmarr/2021/12/07/the-7-biggest-consumer-technology-trends-in-2022/
Understanding Consumer Behavior Trends: 5 Trends of 2022,https://communicationmgmt.usc.edu/blog/consumer-behavior-trends
15 Customer Behavior Trends Emerging This Year - Forbes,https://www.forbes.com/sites/forbesbusinesscouncil/2021/03/15/15-customer-behavior-trends-emerging-this-year/
9 Key Consumer Behavior Trends (2024-2027) - Exploding Topics,https://explodingtopics.com/blog/consumer-behavior
The 4 Biggest Consumer Behavior Shifts of 2023 [According to New Data],https://blog.hubspot.com/marketing/biggest-consumer-behavior-shifts
How Will Consumer Behavior Change In 2023? - Forbes,https://www.forbes.com/sites/forrester/2022/11/03/how-will-consumer-behavior-change-in-2023/
The great consumer shift: Ten charts that show how US shopping behavior ...,https://www.mckinsey.com/capabilities/growth-marketing-and-sales/our-insights/the-great-consumer-shift-ten-charts-that-show-how-us-shopping-behavior-is-changing
Understanding and shaping consumer behavior in the next normal,https://www.mckinsey.com/capabilities/growth-marketing-and-sales/our-insights/understanding-and-shaping-consumer-behavior-in-the-next-normal
Canoo Inc. Announces Fourth Quarter and Fiscal Year 2021 Results,https://investors.canoo.com/news-presentations/press-releases/detail/78/canoo-inc-announces-fourth-quarter-and-fiscal-year-2021
Canoo Reports Fourth Quarter and Full Year 2020 Results,https://investors.canoo.com/news-presentations/press-releases/detail/52/canoo-reports-fourth-quarter-and-full-year-2020-results
Financial Information :: Canoo Inc. (GOEV),https://investors.canoo.com/financial-information
Canoo Inc. Announces Fourth Quarter and Fiscal Year 2021 Results,https://www.prnewswire.com/news-releases/canoo-inc-announces-fourth-quarter-and-fiscal-year-2021-results-301492051.html
Canoo Inc. Announces Third Quarter 2023 Results | Press | Canoo ...,https://www.press.canoo.com/press-release/canoo-inc-announces-third-quarter-2023-results
GOEV | Canoo Inc. Financial Statements - WSJ,https://www.wsj.com/market-data/quotes/GOEV/financials
Canoo Inc. Announces Third Quarter 2021 Results,https://investors.canoo.com/news-presentations/press-releases/detail/70/canoo-inc-announces-third-quarter-2021-results
Canoo Inc. Announces Third Quarter 2023 Results - Yahoo Finance,https://finance.yahoo.com/news/canoo-inc-announces-third-quarter-214500282.html
Canoo Inc. Announces Fourth Quarter and Fiscal Year 2022 Financial Results,https://www.prnewswire.com/news-releases/canoo-inc-announces-fourth-quarter-and-fiscal-year-2022-financial-results-301786485.html
Canoo Inc. Announces Third Quarter 2023 Results | Morningstar,https://www.morningstar.com/news/pr-newswire/20231114la68768/canoo-inc-announces-third-quarter-2023-results
